UniProt_ID,Binding_Residues,Residue_Count
O00222,"[71, 75, 95, 154, 155, 156, 177, 178, 179, 227, 309, 310, 314, 401, 428]",15
O14842,"[40, 44, 80, 83, 84, 87, 91, 92, 95, 98, 99, 102, 103, 106, 114, 117, 122, 123, 126, 128, 130, 133, 134, 135, 138, 139, 141, 142, 143, 158, 171, 174, 183, 186, 189, 190, 193, 194, 197, 240, 258]",41
O14843,"[54, 96, 100, 106, 113, 150, 185, 188, 196, 197, 200, 201, 204, 227, 230, 231, 234, 241, 245, 258, 275, 276]",22
O15552,"[36, 49, 53, 86, 87, 90, 127, 134, 143, 144, 145, 147, 148, 163, 165, 166, 168, 172, 175, 176, 179, 180, 183, 238, 255]",25
O43193,"[33, 94, 97, 98, 101, 115, 119, 122, 173, 234, 236, 237, 245, 249, 314, 318, 321, 334, 337, 338, 341, 344, 345]",23
O43603,"[211, 215, 235, 239]",4
O43613,"[99, 102, 103, 106, 107, 112, 122, 123, 126, 127, 130, 138, 141, 142, 145, 174, 175, 177, 178, 179, 181, 183, 204, 206, 214, 215, 216, 218, 219, 222, 225, 226, 227, 229, 230, 231, 233, 234, 236, 237, 240, 245, 311, 314, 315, 318, 344, 347, 348]",49
O43614,"[107, 110, 111, 114, 115, 118, 120, 130, 131, 134, 135, 138, 186, 187, 190, 191, 207, 209, 210, 211, 212, 223, 224, 226, 227, 231, 316, 317, 319, 320, 321, 323, 324, 327, 328, 343, 346, 349, 350, 352, 353, 354]",42
O75084,"[47, 49, 50, 63, 67, 74, 75, 432, 467, 468, 469]",11
O75899,"[83, 87, 90, 295, 296, 298, 303, 333, 387, 389, 391, 401, 404, 453, 454, 477, 523, 527, 537, 540, 553, 556, 557, 561, 564, 567, 646, 647, 648, 652, 654, 655, 656, 658, 660, 661, 664, 668, 690, 691, 694, 703, 704, 706, 707, 708, 710, 711, 712, 714, 720, 724, 728, 731, 732, 735]",56
O95136,"[33, 89, 93, 98, 109, 112, 113, 117, 121, 183, 194, 246, 271, 274]",14
P04000,"[102, 133, 138, 220, 223, 224, 228, 284, 285, 288, 311, 312]",12
P07550,"[40, 54, 55, 58, 63, 64, 69, 70, 73, 74, 77, 80, 81, 82, 90, 93, 94, 99, 109, 110, 112, 113, 114, 115, 117, 118, 126, 130, 133, 137, 144, 145, 149, 151, 152, 153, 154, 155, 158, 191, 192, 193, 194, 195, 199, 200, 203, 204, 207, 245, 267, 270, 271, 274, 275, 286, 288, 289, 290, 292, 293, 295, 302, 303, 305, 307, 308, 309, 310, 311, 312, 313, 315, 316, 326, 328, 329, 330, 331, 332]",80
P08172,"[80, 83, 84, 87, 99, 100, 103, 104, 107, 108, 111, 155, 172, 175, 176, 177, 178, 181, 187, 190, 191, 194, 195, 400, 403, 404, 407, 410, 414, 415, 419, 420, 422, 423, 426, 429, 430]",37
P08173,"[41, 42, 88, 89, 92, 93, 96, 107, 109, 112, 113, 116, 117, 120, 164, 170, 171, 184, 186, 187, 189, 190, 191, 192, 193, 195, 196, 199, 200, 203, 204, 277, 280, 284, 408, 411, 412, 413, 416, 417, 419, 420, 423, 426, 427, 428, 429, 430, 432, 433, 435, 436, 439, 440, 441, 442, 443, 444, 445, 447, 448]",61
P08588,"[98, 99, 102, 106, 179, 183, 234, 345, 346, 349, 350]",11
P08908,"[35, 39, 42, 46, 49, 52, 53, 97, 116, 117, 120, 121, 134, 189, 199, 203, 342, 345, 346, 349, 350, 361, 362, 380, 384, 387, 391, 394, 398, 399, 400, 402, 403, 404, 405, 408]",36
P08912,"[110, 111, 114, 115, 162, 188, 194, 197, 198, 201, 202, 455, 458, 459, 481, 484, 485]",17
P08913,"[124, 128, 129, 132, 133, 203, 204, 205, 215, 216, 219, 402, 405, 406, 409, 423, 427, 430, 431]",19
P0DMS8,"[91, 94, 95, 167, 168, 169, 174, 177, 181, 186, 243, 246, 250, 253, 264, 268, 272]",17
P11229,"[23, 27, 30, 31, 34, 50, 57, 62, 65, 66, 69, 78, 81, 82, 85, 91, 101, 102, 105, 106, 107, 109, 110, 114, 117, 150, 154, 156, 157, 178, 179, 195, 196, 198, 199, 201, 202, 205, 206, 378, 381, 383, 404, 407, 408]",45
P13501,"[23, 25, 26, 54, 55, 56, 57, 58, 59, 60, 87, 90]",12
P14416,"[91, 94, 100, 110, 111, 114, 115, 118, 119, 122, 182, 183, 184, 190, 193, 194, 197, 198, 382, 386, 389, 390, 393, 408, 412, 415, 416]",27
P16473,"[98, 99, 101, 150, 170, 173, 177, 178, 195, 198, 201, 404, 405, 501, 502, 505, 506, 565, 568, 570, 571, 572, 574, 575, 583, 586, 587, 590, 640, 643, 644, 647, 648, 650, 652, 653, 654, 655, 656, 659, 662, 663, 667]",43
P18089,"[92, 93, 96, 97, 166, 176, 180, 384, 387, 388, 391, 412, 415, 416]",14
P18825,"[46, 54, 58, 61, 64, 421, 424, 431]",8
P20309,"[148, 149, 152, 153, 157, 160, 164, 168, 176, 179, 180, 184, 188, 195, 200, 226, 232, 235, 236, 238, 239, 242, 243, 504, 507, 508, 511, 530, 533, 534]",30
P21453,"[29, 34, 46, 98, 101, 105, 106, 109, 117, 120, 121, 122, 124, 125, 128, 129, 132, 174, 194, 195, 206, 207, 209, 210, 213, 269, 272, 276, 293, 294, 297, 301]",32
P21462,"[53, 57, 72, 114, 117, 118, 132, 145, 148, 149, 152, 213, 216]",13
P21554,"[102, 103, 104, 105, 108, 110, 119, 123, 154, 157, 158, 161, 165, 166, 167, 169, 170, 173, 174, 177, 178, 189, 191, 192, 193, 194, 195, 196, 197, 198, 199, 200, 205, 208, 232, 236, 237, 238, 241, 242, 243, 245, 248, 249, 251, 266, 267, 268, 269, 271, 275, 276, 279, 356, 359, 363, 376, 379, 380, 383, 384, 386, 387, 390]",64
P21728,"[55, 61, 64, 68, 72, 81, 99, 100, 102, 103, 104, 105, 107, 108, 112, 115, 119, 123, 127, 130, 131, 134, 135, 138, 139, 141, 142, 143, 144, 148, 150, 152, 153, 154, 158, 163, 186, 187, 188, 190, 192, 193, 194, 195, 196, 197, 198, 199, 201, 202, 209, 283, 285, 288, 289, 290, 292, 308, 313, 317, 321]",61
P21730,"[7, 8, 9, 10, 124, 125, 128, 129, 131, 132, 135, 155, 156, 158, 159, 160, 162, 163, 208, 209, 212, 213, 214, 216, 217, 220, 239, 254, 295, 299]",30
P21731,"[27, 31, 35, 78, 81, 82, 85, 89, 112, 115, 116, 181, 182, 184, 200, 258, 261, 291, 294, 295, 298, 301]",22
P21917,"[87, 90, 91, 111, 112, 115, 116, 119, 120, 185, 187, 193, 196, 197, 200, 359, 362, 363, 366, 386, 390]",21
P21918,"[65, 72, 78, 81, 82, 85, 89, 154, 158, 161, 165]",11
P22888,"[147, 174, 350, 447, 451, 515, 516, 517, 519, 528, 531, 589, 592, 595, 597, 599, 601, 604, 612]",19
P23945,"[139, 162, 163, 166, 334, 335, 353, 449, 450, 453, 454, 518, 519, 520, 522, 531, 534, 535, 538, 588, 591, 592, 595, 596, 600, 601, 602, 603, 604, 607, 610, 611, 615]",33
P24530,"[98, 101, 102, 105, 106, 109, 110, 113, 114, 150, 154, 158, 161, 163, 177, 178, 181, 182, 185, 197, 200, 201, 236, 240, 255, 271, 272, 273, 275, 277, 279, 281, 287, 288, 336, 339, 340, 343, 372, 375, 376]",41
P25021,"[21, 25, 79, 98, 99, 103, 174, 175, 176, 186, 190, 250, 254, 268, 271, 272, 274, 275, 276, 278, 279]",21
P25024,"[12, 13, 14, 19]",4
P25025,"[88, 89, 92, 96, 125, 167, 170]",7
P25090,"[27, 30, 31, 34, 35, 38, 102, 106, 109, 110, 113, 121, 124, 125, 128, 129, 201, 205, 209, 215, 219, 223, 254, 257, 258, 284, 292]",27
P25103,"[58, 64, 69, 72, 73, 76, 81, 89, 90, 108, 109, 111, 112, 113, 116, 151, 155, 165, 182, 184, 193, 196, 197, 200, 201, 204, 260, 261, 263, 264, 265, 267, 268, 270, 271, 272, 290, 294]",38
P25105,"[22, 73, 77, 94, 97, 98, 101, 102, 152, 173, 174, 175, 177, 187, 188, 191, 252, 255, 275, 279, 282]",21
P25106,"[51, 81, 84, 85, 88, 92, 100, 103, 104, 108, 121, 122, 123, 124, 125, 126, 127, 128, 129, 132, 140, 143, 144, 147, 148, 162, 165, 166, 169, 173, 216, 220, 221, 227, 230, 231, 234, 252, 253, 256, 260, 264, 265, 268, 269, 298, 301, 304, 305, 306, 310, 313, 314, 318]",54
P25116,"[39, 40, 41, 71, 74, 121, 123, 124, 183, 187, 206, 226, 227, 228, 229, 230, 231, 232, 233, 236, 237, 253, 254, 255, 256, 257, 258, 262, 265, 271, 332, 333, 336, 337, 340, 344, 349, 350, 352, 353]",40
P25929,"[26, 117, 120, 121, 124, 173, 200, 212, 216, 219, 279, 280, 282, 283, 284, 286, 287, 290, 298, 302]",20
P28221,"[305, 312, 313, 351]",4
P28222,"[125, 126, 129, 130, 133, 134, 137, 199, 200, 201, 203, 212, 213, 216, 327, 330, 331, 334, 337, 348, 351, 352, 355, 359]",24
P28223,"[97, 111, 114, 118, 122, 131, 151, 153, 155, 156, 157, 158, 159, 160, 163, 193, 196, 200, 204, 227, 228, 229, 238, 239, 242, 243, 247, 332, 333, 336, 337, 338, 339, 340, 341, 342, 343, 345, 353, 354, 357, 358, 361, 362, 363, 365, 366, 369, 370, 394]",50
P28335,"[60, 91, 130, 134, 135, 138, 139, 142, 143, 146, 147, 150, 151, 154, 161, 162, 165, 170, 171, 173, 174, 177, 178, 181, 208, 209, 214, 215, 218, 219, 222, 223, 320, 324, 327, 328, 331, 334, 335, 347, 350, 351, 352, 354, 355, 358]",46
P28566,"[44, 48, 54, 102, 103, 106, 107, 186, 295, 302, 304, 307, 311, 330, 332, 334, 335, 339, 346, 347]",20
P29274,"[2, 5, 6, 9, 58, 62, 63, 66, 67, 68, 70, 72, 73, 75, 76, 77, 79, 80, 81, 84, 85, 88, 89, 92, 133, 137, 140, 143, 153, 163, 167, 168, 169, 174, 175, 177, 179, 181, 182, 185, 186, 187, 199, 206, 243, 244, 245, 246, 247, 248, 249, 250, 251, 252, 253, 254, 255, 256, 257, 258, 259, 262, 263, 264, 265, 266, 267, 268, 269, 270, 271, 272, 274, 275, 276, 277, 278, 279, 283]",79
P29275,"[10, 44, 48, 51, 64, 68, 85, 86, 89, 90, 123, 126, 130, 173, 174, 182, 186, 191, 238, 242, 246, 247, 251, 254, 272, 273, 276, 279, 280, 285, 288, 289, 293, 298]",34
P30411,"[146, 149, 150, 153, 157, 177, 180, 181, 184]",9
P30518,"[92, 95, 96, 99, 100, 103, 120, 123, 124, 128, 132, 135, 159, 166, 187, 195, 196, 197, 200, 201, 205, 206, 208, 212, 287, 291, 295, 298, 304, 307, 308, 311, 314]",33
P30542,"[12, 16, 18, 19, 66, 69, 70, 87, 88, 91, 171, 172, 177, 180, 184, 242, 245, 246, 247, 250, 251, 253, 254, 257, 265, 270, 271, 274, 275, 276, 277, 278, 279, 280, 282, 283]",36
P30550,"[117, 120, 121, 175, 178, 179, 196, 198, 199, 200, 206, 207, 210, 215, 277, 280, 281, 282, 284, 285, 286, 289, 308]",23
P30556,"[28, 29, 33, 35, 36, 43, 47, 48, 51, 77, 84, 87, 88, 89, 91, 92, 105, 108, 109, 112, 163, 167, 174, 176, 182, 285, 288, 292, 316]",29
P30559,"[92, 116, 119, 123, 171, 175, 201, 204, 288, 291, 295, 311, 318]",13
P30874,"[50, 80, 84, 87, 91, 99, 102, 103, 122, 124, 126, 160, 163, 164, 167, 193, 194, 195, 209, 272, 275, 276, 279, 290, 294, 298, 302]",27
P30939,"[103, 104, 107, 108, 174, 176, 182, 185, 306, 309, 310, 313, 317, 337]",14
P30968,"[21, 22, 23, 25, 26, 98, 102, 103, 121, 215, 216, 219, 283, 286, 287, 296, 297, 305, 308]",19
P30988,"[73, 116, 143, 146, 147, 150, 151, 153, 154, 157, 158, 161, 182, 185, 186, 189, 193, 197, 225, 228, 229, 259, 260, 263, 267, 268, 271, 378, 382, 385, 386]",31
P30989,"[86, 89, 103, 105, 110, 159, 162, 163, 166, 170, 182, 237, 256, 263, 305, 308, 322, 325, 326, 329, 334, 339, 342, 343, 345, 346, 364, 367, 368, 371]",30
P31391,"[103, 112, 123, 126, 130, 131, 181, 198, 199, 200, 212, 215, 275, 276, 279]",15
P32238,"[73, 78, 81, 85, 89, 94, 98, 99, 102, 117, 118, 121, 122, 155, 159, 166, 170, 173, 176, 179, 196, 197, 328, 329, 330, 331, 332, 333, 336, 343, 344, 347, 352, 356, 359, 360]",36
P32239,"[351, 352, 353, 354]",4
P32241,"[224, 260, 264, 267, 271, 402, 403, 404, 405, 406, 407]",11
P32245,"[45, 97, 100, 101, 104, 126, 129, 130, 133, 184, 188, 194, 197, 216, 244, 261, 264, 265, 268, 284, 285, 288, 304]",23
P32246,"[71, 74, 75, 78, 82, 112, 115, 151, 154, 155, 158, 162]",12
P32248,"[79, 82, 83, 86, 91, 93, 94, 97, 154, 262, 326, 330, 331, 332, 333, 336]",16
P32249,"[34, 38, 87, 90, 111, 112, 116, 162, 166, 182, 184, 197, 200, 201, 260, 264, 291, 294, 298]",19
P34969,"[84, 87, 88, 91, 143, 363, 364, 367, 368, 371, 372]",11
P34972,"[25, 26, 87, 90, 91, 94, 95, 106, 109, 110, 113, 114, 117, 182, 183, 184, 186, 190, 191, 194, 258, 261, 262, 265, 281, 282, 285, 288]",28
P34998,"[162, 165, 168, 175, 187, 191, 198, 202, 203, 206, 207, 209, 210, 213, 279, 280, 283, 284, 287, 290, 316, 319, 320, 323, 324, 327, 355, 362]",28
P35348,"[83, 86, 87, 102, 106, 107, 110, 115, 142, 145, 149, 150, 153, 176, 178, 185, 188, 189, 191, 192, 195, 196, 199, 285, 288, 289, 292, 308, 312, 316]",30
P35367,"[107, 108, 111, 112, 198, 288, 431, 432, 454, 458]",10
P35372,"[101, 107, 110, 111, 114, 118, 126, 129, 145, 146, 149, 150, 151, 153, 158, 161, 162, 165, 166, 168, 180, 187, 189, 191, 193, 194, 219, 238, 241, 245, 246, 248, 252, 256, 295, 298, 299, 324, 327, 328]",40
P35408,"[23, 24, 27, 68, 69, 72, 73, 76, 79, 80, 99, 102, 103, 166, 168, 169, 288, 312, 315, 316, 318, 319, 320, 322]",24
P35414,"[35, 78, 82, 85, 106, 109, 110, 113, 114, 160, 163, 164, 168, 183, 198, 201, 202, 204, 205, 261, 264, 267, 268, 271, 287, 288, 291, 295, 298, 299]",30
P35462,"[86, 89, 106, 110, 111, 114, 115, 118, 182, 183, 188, 189, 192, 193, 196, 342, 345, 346, 349, 365, 369, 372, 373]",23
P41143,"[74, 80, 81, 86, 89, 90, 93, 98, 128, 129, 131, 132, 137, 141, 166, 168, 169, 171, 172, 173, 214, 217, 220, 225, 274, 275, 276, 277, 278, 279, 281, 283, 284, 289, 296, 300, 304, 307, 308, 311]",40
P41145,"[74, 81, 85, 99, 103, 106, 108, 110, 111, 114, 115, 118, 119, 124, 134, 135, 138, 139, 142, 143, 199, 200, 201, 210, 211, 223, 226, 227, 230, 234, 235, 238, 239, 240, 242, 243, 246, 247, 250, 277, 280, 281, 283, 284, 287, 290, 291, 293, 294, 296, 297, 300, 302, 307, 310, 311, 312, 313, 314, 316, 317, 319, 320]",63
P41146,"[107, 110, 111, 116, 127, 130, 131, 134, 135, 200, 201, 219, 223, 276, 279, 280, 283, 302, 305, 309]",20
P41180,"[66, 70, 145, 146, 147, 168, 169, 170, 205, 207, 218, 254, 257, 261, 287, 289, 296, 297, 298, 415, 416, 539, 541, 545, 612, 668, 680, 681, 684, 685, 767, 770, 773, 774, 776, 777, 780, 781, 788, 791, 792, 795, 796, 802, 804, 805, 806, 808, 809, 811, 812, 814, 815, 816, 818, 819, 820, 821, 822, 825, 832, 836, 837, 839, 840, 841, 843, 844, 850, 854, 855, 858]",72
P41594,"[64, 100, 150, 151, 152, 173, 174, 175, 208, 209, 210, 223, 279, 280, 305, 306, 310, 382, 384, 396, 443, 445, 455, 505, 574, 624, 625, 628, 633, 650, 651, 653, 654, 655, 657, 658, 659, 738, 740, 741, 742, 744, 745, 748, 749, 751, 783, 785, 786, 788, 800, 802, 803, 804, 805, 806, 807, 808, 809, 810, 811, 813]",62
P41595,"[61, 65, 66, 69, 70, 73, 74, 77, 131, 132, 135, 136, 139, 140, 207, 208, 209, 210, 211, 217, 218, 221, 225, 231, 235, 239, 242, 337, 340, 341, 344, 347, 348, 359, 362, 363, 366, 370, 394, 395, 399]",41
P41597,"[37, 41, 44, 45, 49, 52, 54, 98, 117, 120, 179, 189, 287, 288, 290, 291, 294]",17
P43088,"[29, 32, 33, 36, 37, 80, 81, 84, 85, 88, 92, 111, 115, 116, 118, 119, 182, 184, 185, 187, 205, 262, 265, 287, 290, 291, 293, 294, 297]",29
P43115,"[50, 51, 52, 53, 55, 57, 58, 60, 61, 102, 103, 106, 107, 110, 114, 137, 140, 141, 206, 207, 209, 295, 298, 329, 332, 333, 336, 339]",28
P43116,"[28, 31, 32, 78, 81, 82, 85, 86, 89, 93, 116, 119, 120, 123, 124, 185, 186, 298, 301, 302, 304, 305, 307, 308, 309]",25
P43119,"[20, 23, 24, 59, 60, 63, 64, 67, 68, 71, 75, 95, 99, 100, 102, 103, 106, 166, 168, 169, 170, 171, 255, 275, 278, 279, 281, 282, 284, 285, 286]",31
P43220,"[31, 32, 33, 34, 36, 37, 69, 80, 82, 91, 97, 99, 101, 103, 111, 120, 122, 123, 125, 126, 127, 128, 137, 138, 140, 141, 142, 144, 145, 146, 148, 152, 194, 197, 198, 200, 201, 202, 203, 204, 205, 206, 207, 217, 218, 220, 221, 222, 226, 229, 230, 233, 296, 297, 298, 299, 300, 321, 324, 325, 328, 329, 330, 331, 332, 334, 336, 346, 347, 349, 350, 351, 353, 354, 362, 365, 366, 377, 378, 380, 381, 384, 385, 388, 396, 400, 404, 405, 406]",89
P46089,"[113, 116, 117, 120, 121, 124, 125, 132, 135, 136, 139, 159, 167, 187, 190, 195, 198, 199, 201, 202, 205, 208, 260, 263]",24
P47211,"[221, 224, 228, 253]",4
P47871,"[78, 95, 97, 329, 345, 346, 347, 348, 349, 350, 352, 353, 399, 403, 404, 405]",16
P47898,"[101, 117, 118, 121, 122, 125, 126, 192, 194, 195, 196, 200, 201, 204, 205, 208, 298, 301, 302, 305, 324, 328]",22
P47900,"[42, 44, 45, 46, 110, 111, 115, 128, 195, 201, 202, 203, 204, 205, 206, 270, 274, 275, 278, 279, 282, 283, 286, 287, 291, 298, 299, 301, 302, 303, 305, 306, 310]",33
P48039,"[26, 29, 30, 104, 107, 108, 111, 112, 159, 162, 163, 168, 178, 179, 181, 188, 191, 206, 207, 210, 211, 213, 232, 235, 236, 239, 240, 250, 251, 253, 254, 258, 275, 278, 279, 280, 283, 284, 286, 290]",40
P48546,"[41, 44, 314, 318, 322, 339, 343, 344, 347, 348, 352, 353, 356, 380, 383, 384, 387]",17
P48960,"[38, 54, 77, 79, 80, 81, 413]",7
P49019,"[83, 86, 87, 93, 103, 104, 107, 111, 177, 178, 180, 277, 280, 284]",14
P49190,"[316, 320, 323, 324]",4
P49238,"[72, 75, 79, 117, 120, 121, 144, 147, 148, 150, 151, 152, 154, 158, 197, 201, 202, 205]",18
P49286,"[88, 92, 111, 112, 115, 117, 120, 121, 124, 125, 172, 175, 181, 191, 192, 194, 200, 204, 205, 264, 267, 268, 271, 294, 297, 298]",26
P49682,"[56, 60, 94, 97, 101, 109, 113, 122, 126, 130, 131, 132, 133, 180, 186, 187, 190, 202, 205, 219, 224, 227, 228, 229, 231, 232, 235, 236, 239, 258, 261, 262, 264, 265, 271, 301, 304, 308]",38
P50052,"[51, 93, 99, 100, 102, 103, 104, 107, 108, 120, 121, 123, 124, 125, 127, 128, 129, 131, 174, 178, 181, 182, 194, 195, 197, 211, 214, 215, 268, 269, 271, 272, 303, 304, 307, 308]",36
P50406,"[106, 107, 110, 111, 182, 184, 188, 189, 192, 193, 196, 284, 285, 288]",14
P51681,"[7, 8, 9, 10, 11, 12, 13, 14, 37, 86, 89, 108, 109, 112, 182, 189, 191, 192, 193, 194, 195, 196, 198, 248, 251, 255, 259, 279, 283, 284, 287]",31
P51685,"[10, 42, 87, 91, 99, 109, 110, 113, 114, 172, 183, 198, 199, 254, 257, 258, 282, 285, 286]",19
P51686,"[69, 72, 73, 78, 81, 83, 84, 87, 140, 144, 252, 255, 256, 259, 317, 321, 322, 323, 324, 327]",20
P55085,"[78, 82, 120, 123, 131, 134, 135, 141, 152, 154, 155, 156, 157, 158, 161, 199, 203, 210, 211, 226, 227, 228, 327, 330]",24
P59540,"[62, 65, 85, 88, 180, 265]",6
P61073,"[3, 4, 5, 6, 7, 8, 20, 21, 22, 32, 33, 36, 38, 44, 45, 70, 78, 79, 82, 94, 97, 98, 102, 112, 113, 115, 116, 118, 157, 161, 165, 183, 185, 186, 187, 188, 262, 266, 277, 279, 281, 282, 283, 284, 288, 290, 292, 293]",48
Q02643,"[163, 167, 174, 211, 246, 250]",6
Q03431,"[219, 223, 226, 286, 290, 299, 302, 306, 322, 326, 329, 330, 333, 336, 337, 358, 359, 361, 362, 365, 366, 374, 375, 411, 412, 413, 414, 415, 416, 417, 420, 422, 426, 427, 428, 443, 454, 458, 459, 463, 464]",41
Q13255,"[74, 110, 163, 164, 165, 186, 187, 188, 189, 208, 235, 236, 292, 293, 318, 319, 323, 409, 588, 589, 594, 597, 598, 601, 602, 605]",26
Q13324,"[118, 121, 122, 126]",4
Q13467,"[47, 69, 70, 72, 73, 123, 125]",7
Q13639,"[44, 45, 51, 57, 60, 61, 64, 68, 100, 101, 104, 105, 138, 142, 146, 186, 188, 192, 193, 196, 197, 200, 272, 275, 276, 279, 294, 298, 302]",29
Q14332,"[53, 75, 76, 79, 82, 124, 125, 128, 130]",9
Q14416,"[57, 61, 143, 144, 145, 166, 167, 168, 169, 188, 201, 202, 203, 215, 216, 270, 271, 272, 273, 295, 296, 377, 495, 623, 639, 640, 643, 647, 695, 698, 703, 724, 725, 728, 731, 732, 735, 739, 743, 747, 751, 759, 763, 764, 767, 769, 770, 773, 774, 777, 779, 780, 784, 793, 794, 796, 797, 800]",58
Q14831,"[74, 78, 98, 157, 158, 159, 180, 181, 182, 230, 407, 426, 432, 433]",14
Q14832,"[63, 64, 67, 68, 100, 149, 150, 151, 172, 173, 174, 175, 194, 207, 209, 221, 222, 277, 278, 279, 301, 302, 358, 389, 630, 631, 634, 704, 707, 769, 770, 773, 812, 813]",34
Q14833,"[454, 464, 586, 587, 590, 593]",6
Q15722,"[56, 67, 74, 77, 78, 94, 97, 101, 106, 110, 113, 114, 116, 117, 120, 121, 128, 129, 130, 133, 134, 137, 156, 168, 169, 170, 234, 237, 267, 268, 271, 274, 275]",33
Q16570,"[37, 39, 40, 41, 42]",5
Q16581,"[63, 66, 70, 140, 144, 147]",6
Q16602,"[5, 7, 8, 9, 38, 41, 42, 44, 47, 48, 51, 70, 71, 72, 74, 75, 76, 84, 85, 86, 92, 94, 95, 119, 120, 121, 122, 124, 125, 128]",30
Q5NUL3,"[22, 27, 28, 62, 66, 79, 83, 86, 88, 115, 116, 118, 119, 120, 122, 123, 126, 173, 196, 198, 204, 207, 208, 211, 215, 277, 280, 281, 284, 287, 288, 291, 303, 307, 310]",35
Q5T601,"[622, 625, 626, 674, 676, 677, 680, 681, 684, 688, 698, 699, 701, 702, 705, 759, 802, 805, 806, 808, 812]",21
Q5T848,"[489, 504, 508, 520, 529, 536, 540, 582, 589, 592]",10
Q6DWJ6,"[80, 84, 85, 105, 108, 109, 112, 166, 169, 170, 174, 184, 241, 244, 247, 248, 251, 267, 271, 274, 275]",21
Q6QNK2,"[598, 603, 672]",3
Q86Y34,"[389, 392, 393, 396, 397, 400, 427, 429, 430, 433, 434]",11
Q8N6U8,"[274, 278, 322, 323, 326, 327, 332]",7
Q8NFN8,"[98, 124, 127, 128, 131, 135, 183, 215, 216, 217, 218, 221, 224, 225, 228, 229, 232, 233, 236, 267, 268, 271, 274, 278, 279, 282, 296, 299, 300, 303]",30
Q8TDS4,"[15, 16, 17, 65, 83, 86, 87, 91, 103, 104, 107, 108, 111, 112, 116, 119, 120, 123, 126, 131, 134, 136, 151, 158, 159, 161, 162, 177, 178, 179, 180, 183, 184, 185, 186, 187, 189, 190, 191, 192, 193, 194, 195, 196, 198, 199, 255, 258, 277, 280, 284]",51
Q8TDS7,"[63, 67, 96, 103, 104, 125, 129, 131, 132, 140, 143, 150, 161, 167, 168]",15
Q8TDU6,"[71, 74, 75, 89, 92, 93, 96, 101, 104, 105, 109, 112, 122, 130, 131, 135, 157, 161, 166, 169, 174, 240, 247, 251, 266, 270]",26
Q8TDU9,"[97, 100, 105, 118, 122, 190, 191, 192, 193, 194, 204, 205, 208, 287, 291, 295, 299]",17
Q8TDV5,"[7, 11, 61, 65, 82, 85, 86, 89, 90, 93, 94, 136, 154, 155, 156, 157, 158, 159, 166, 169, 173, 174, 177, 238, 241, 242, 257, 261, 262, 263, 265]",31
Q92633,"[34, 39, 40, 52, 102, 105, 106, 109, 110, 113, 121, 124, 125, 128, 129, 132, 198, 199, 202, 206, 207, 210, 271, 274, 275, 277, 278, 292, 293, 294, 296, 297, 300]",33
Q92847,"[75, 80, 81, 84, 87, 91, 99, 102, 103, 120, 123, 124, 132, 135, 136, 139, 140, 161, 163, 164, 168, 172, 178, 181, 182, 200, 210, 213, 214, 217, 279, 283, 286, 302, 305, 306, 309, 312, 313]",39
Q96LA9,"[82, 86, 92, 95, 96, 98, 99, 158, 239, 250, 254]",11
Q96LB1,"[20, 22, 25, 61, 66, 69, 70, 147, 150, 151, 154, 155, 158, 164, 168, 170, 176, 177, 180, 184, 243, 247, 248, 253, 254, 257]",26
Q96LB2,"[31, 78, 79, 82, 83, 95, 96, 98, 99, 102, 157, 158, 161, 173, 177, 232, 236, 237, 240, 254, 255, 258]",22
Q96P66,[441],1
Q96RJ0,"[45, 49, 63, 67, 72, 75, 83, 100, 103, 104, 107, 108, 112, 151, 154, 182, 183, 184, 186, 194, 198, 264, 267, 268, 271, 290, 293, 294]",28
Q99500,"[22, 27, 31, 37, 95, 99, 100, 103, 114, 115, 118, 119, 122, 123, 126, 168, 200, 201, 203, 204, 256, 259, 260, 263, 284]",25
Q99527,"[108, 115, 137, 272, 275, 282, 300, 301, 313]",9
Q99788,"[260, 263, 264, 267, 268, 271, 272, 304]",8
Q99835,"[95, 105, 108, 109, 111, 112, 114, 156, 161, 207, 210, 215, 219, 220, 221, 222, 230, 274, 281, 301, 303, 325, 326, 329, 382, 383, 384, 386, 387, 389, 391, 392, 393, 394, 395, 400, 404, 408, 459, 463, 466, 470, 473, 477, 480, 481, 484, 489, 492, 496, 513, 518, 521, 522, 524, 525, 528]",57
Q9BXA5,"[26, 30, 79, 83, 86, 88, 98, 99, 102, 103, 174, 175, 277, 281, 285]",15
Q9BXC1,"[22, 26, 75, 79, 95, 98, 99, 103, 144, 145, 148, 149, 151, 152, 155, 156, 165, 169, 170, 185, 189, 192, 193, 246, 250, 253, 254, 257, 274, 278, 305]",31
Q9BZJ8,"[136, 137, 140, 144, 224, 227, 228, 231, 285, 287, 288, 289, 291, 292, 295, 340, 341, 344, 345, 346, 347]",21
Q9GZN0,"[209, 213, 215, 216, 219, 220, 281, 282, 283, 284, 286, 287, 290]",13
Q9H228,"[19, 24, 37, 43, 89, 92, 93, 108, 111, 112, 115, 116, 119, 120, 123, 185, 186, 187, 197, 264, 267, 288, 289, 292, 293, 295, 296]",27
Q9H244,"[19, 93, 97, 101, 102, 105, 106, 109, 152, 155, 156, 159, 163, 173, 174, 175, 176, 179, 187, 190, 191, 194, 195, 252, 255, 256, 259, 260, 263, 276, 277, 280, 281, 283]",34
Q9H255,"[104, 155, 158, 180, 181, 198, 202, 258, 262]",9
Q9H3N8,"[52, 56, 59, 63, 94, 95, 98, 99, 133, 136, 140, 146, 147, 169, 175, 178, 179, 182, 316, 319, 323, 344, 347, 348]",24
Q9H461,"[33, 52, 101, 102, 103]",5
Q9HBW0,"[273, 282, 283, 284, 300]",5
Q9HC97,"[105, 108, 112, 132, 136, 140, 143, 147, 179, 183]",10
Q9NQS5,"[57, 99, 100, 101, 104, 108, 138, 141, 145, 152, 165, 167, 169, 172, 182, 183, 186, 335, 336, 356, 359, 360]",22
Q9NYV8,"[65, 76, 82, 85, 86, 89, 174, 180, 184, 187, 240, 247, 262, 265, 266, 268, 269]",17
Q9UBS5,"[181, 182, 202, 204, 205, 246, 247, 268, 269, 270, 287, 318, 319, 366, 367, 393, 395, 396, 407, 409, 429, 465, 466, 479, 482, 633, 637, 640, 647, 648, 666, 667, 670, 671, 674, 677, 681, 734, 759, 760, 761, 766, 773, 774, 777, 785, 788, 789, 792, 807, 810, 814, 816, 819, 820, 823, 827, 832, 835, 836, 839, 841, 844, 848]",64
Q9UKP6,"[153, 154]",2
Q9ULV1,"[59, 81, 84, 132, 135, 139, 141, 142, 144, 146, 440, 443, 444, 447, 483, 486, 487, 490, 494]",19
Q9UNW8,"[105, 106, 108, 123, 127, 174, 177, 184, 185, 188, 189, 190, 191, 200, 203, 258, 262, 265, 269, 283, 286, 287]",22
Q9UPC5,"[110, 128, 131, 132, 135, 136, 139, 140, 143, 147, 174, 177, 181, 182, 185, 186, 189, 193, 205, 206, 207, 208, 210, 216, 219, 220, 222, 223, 226, 286, 289, 293, 306, 309, 310, 313, 340, 341]",38
Q9Y271,"[79, 104, 108, 112, 150, 154, 155, 157, 158, 174, 176, 186, 189, 190, 192, 193, 197, 249, 253, 256, 257, 260, 277, 280, 281]",25
Q9Y2T5,"[26, 28, 34, 35, 38, 39, 40, 43, 44, 47, 82, 85, 89, 94, 101, 117, 185, 186, 188, 189, 190, 191, 194, 268, 272, 273, 276, 277, 296, 299, 300, 303, 304, 307]",34
Q9Y5N1,"[37, 40, 41, 43, 44, 95, 391, 392, 395, 396, 399, 403]",12
Q9Y5Y4,"[17, 87, 90, 95, 97, 107, 111, 112, 170, 175, 181, 182, 183, 184, 210, 262, 283, 286, 287, 290, 294]",21
